Age,Salary,YearsExperience,NumCertifications,JobSatisfaction,JobTitle,Education,City,Promotion
50,32717,20,8,3,HR Manager,Bachelor,Hyderabad,0
36,89676,14,9,4,Data Analyst,PhD,Chennai,0
29,57952,2,1,3,Data Analyst,High School,Hyderabad,0
42,116444,9,2,5,Project Manager,Bachelor,Bangalore,1
40,72460,20,9,3,Project Manager,High School,Delhi,1
44,120397,26,1,2,Project Manager,High School,Delhi,0
32,102847,29,2,1,HR Manager,PhD,Chennai,0
32,123607,1,5,3,HR Manager,PhD,Delhi,1
45,119106,6,8,3,Sales Executive,Master,Delhi,0
57,48449,5,8,2,Project Manager,Master,Mumbai,1
45,63536,33,6,1,Software Engineer,Master,Chennai,0
24,94077,14,2,1,Sales Executive,Bachelor,Chennai,0
43,68258,12,3,5,Software Engineer,Master,Delhi,1
23,78302,20,5,3,HR Manager,High School,Delhi,1
45,58865,24,4,1,Sales Executive,Master,Delhi,0
51,36645,34,1,1,Sales Executive,PhD,Pune,0
59,149771,25,5,4,Data Analyst,Master,Bangalore,1
23,68000,29,2,4,HR Manager,Bachelor,Hyderabad,0
42,56737,31,7,1,HR Manager,Bachelor,Bangalore,0
54,41485,23,1,5,Sales Executive,High School,Chennai,1
33,68565,20,0,1,HR Manager,Bachelor,Mumbai,0
43,55522,23,8,2,Sales Executive,Master,Hyderabad,1
46,149614,16,2,3,Data Analyst,PhD,Mumbai,1
48,95155,8,0,5,Sales Executive,Bachelor,Pune,1
49,85168,21,6,2,HR Manager,High School,Chennai,1
37,82487,1,9,5,HR Manager,Master,Pune,1
36,42342,8,4,2,Sales Executive,High School,Chennai,1
24,70806,29,4,3,Sales Executive,Bachelor,Mumbai,1
58,78770,32,0,3,Sales Executive,Bachelor,Mumbai,1
28,108623,5,8,4,Project Manager,High School,Mumbai,0
42,133177,22,6,2,HR Manager,Master,Chennai,1
30,129785,34,7,4,HR Manager,Bachelor,Delhi,1
39,105629,1,8,2,Project Manager,PhD,Mumbai,1
25,82603,26,5,4,Sales Executive,Bachelor,Pune,0
46,142726,10,4,3,Data Analyst,Master,Hyderabad,0
35,111974,30,5,5,Sales Executive,Bachelor,Chennai,0
30,135947,18,1,4,Sales Executive,High School,Pune,0
47,56399,17,3,2,Project Manager,Bachelor,Bangalore,1
23,115382,26,2,2,HR Manager,Bachelor,Bangalore,0
41,111244,8,6,3,Sales Executive,Master,Hyderabad,1
49,139575,12,8,2,HR Manager,High School,Delhi,1
28,145520,27,4,1,Software Engineer,Master,Mumbai,0
29,140904,8,5,5,HR Manager,Bachelor,Chennai,0
56,106534,25,9,4,Data Analyst,PhD,Pune,0
35,85106,4,1,5,Data Analyst,Bachelor,Mumbai,1
38,142599,33,2,3,Sales Executive,Master,Pune,1
57,60678,1,2,4,HR Manager,PhD,Chennai,1
25,106218,19,8,4,Sales Executive,Master,Bangalore,0
23,93230,31,6,1,Project Manager,Master,Mumbai,1
27,144684,16,7,3,Data Analyst,High School,Hyderabad,0
25,104055,14,9,2,Sales Executive,PhD,Delhi,1
50,86373,5,8,1,Project Manager,Bachelor,Hyderabad,0
39,61480,26,5,1,Sales Executive,Master,Delhi,0
47,115230,28,3,5,HR Manager,Bachelor,Pune,1
55,98836,2,0,5,HR Manager,High School,Mumbai,0
31,102258,6,7,5,HR Manager,High School,Mumbai,1
57,69986,9,6,1,HR Manager,PhD,Delhi,1
35,54160,33,1,2,Software Engineer,High School,Bangalore,1
52,115595,25,7,4,Project Manager,High School,Chennai,1
36,131358,13,4,5,Project Manager,Bachelor,Hyderabad,1
29,109111,9,6,2,HR Manager,High School,Pune,0
35,94929,13,3,3,Software Engineer,High School,Hyderabad,1
44,103506,31,4,5,HR Manager,Master,Hyderabad,1
42,64911,11,7,4,Software Engineer,High School,Pune,0
37,117127,4,0,3,HR Manager,Master,Pune,0
39,61821,34,0,3,Data Analyst,High School,Mumbai,1
45,105039,4,3,4,Data Analyst,High School,Hyderabad,0
47,90535,19,2,5,Sales Executive,PhD,Chennai,1
46,143453,6,9,1,HR Manager,PhD,Chennai,0
50,114458,34,1,4,Project Manager,Master,Delhi,0
36,42175,18,2,4,Sales Executive,High School,Pune,1
22,149235,13,0,4,Data Analyst,Bachelor,Mumbai,1
46,84771,23,0,3,HR Manager,PhD,Chennai,0
28,136660,19,5,2,Sales Executive,Bachelor,Bangalore,0
30,116925,11,4,1,HR Manager,PhD,Mumbai,0
45,143374,1,7,5,Data Analyst,PhD,Mumbai,1
22,96358,24,1,5,Sales Executive,High School,Chennai,0
29,47327,7,3,2,Data Analyst,PhD,Bangalore,0
45,77057,25,7,4,Software Engineer,Bachelor,Delhi,1
32,36150,21,5,1,Data Analyst,PhD,Chennai,1
38,34425,15,0,5,HR Manager,Master,Bangalore,0
29,46032,1,3,5,Project Manager,High School,Mumbai,0
56,32198,12,0,4,Data Analyst,High School,Bangalore,1
56,90500,7,1,2,Project Manager,Master,Mumbai,0
54,83394,15,4,1,Software Engineer,Master,Chennai,1
26,50079,21,7,2,Sales Executive,Master,Pune,0
49,66220,19,7,2,Sales Executive,PhD,Chennai,0
28,71874,29,2,1,Project Manager,High School,Hyderabad,0
30,43859,25,3,1,Sales Executive,Master,Hyderabad,0
29,80460,33,9,5,Data Analyst,PhD,Hyderabad,1
33,61419,32,5,5,Project Manager,Master,Chennai,1
55,148865,26,9,1,HR Manager,Bachelor,Delhi,1
54,38705,11,2,3,Data Analyst,Bachelor,Chennai,0
44,72880,8,1,5,Data Analyst,High School,Pune,0
45,53236,14,5,3,Data Analyst,PhD,Bangalore,0
58,117955,10,4,1,HR Manager,Bachelor,Chennai,1
56,115514,2,9,5,Software Engineer,Bachelor,Chennai,0
43,133145,9,4,2,Sales Executive,PhD,Mumbai,0
48,45358,3,9,1,Project Manager,Master,Mumbai,0
56,129713,21,4,4,Software Engineer,PhD,Mumbai,1
22,124914,26,9,3,Project Manager,Master,Chennai,0
56,132870,8,4,1,Sales Executive,Bachelor,Delhi,0
58,106918,2,2,1,HR Manager,Bachelor,Bangalore,0
35,149179,6,6,5,Data Analyst,Bachelor,Bangalore,1
24,146243,28,5,5,Data Analyst,High School,Pune,1
22,44596,29,3,5,HR Manager,High School,Delhi,1
26,63572,26,1,4,Software Engineer,High School,Delhi,0
47,108757,25,8,5,Software Engineer,PhD,Bangalore,1
35,31279,12,0,1,Project Manager,Bachelor,Hyderabad,0
48,93197,5,3,5,HR Manager,Bachelor,Mumbai,0
30,141496,34,0,2,Software Engineer,PhD,Mumbai,0
36,92516,15,5,5,HR Manager,High School,Bangalore,0
36,37083,15,3,4,Sales Executive,PhD,Delhi,1
47,139397,23,4,2,Data Analyst,High School,Pune,0
34,47771,6,4,1,Data Analyst,Bachelor,Hyderabad,0
53,59975,21,8,1,Data Analyst,Master,Bangalore,1
53,75648,23,0,3,HR Manager,High School,Mumbai,0
25,78285,16,1,2,HR Manager,Bachelor,Chennai,0
51,49063,15,5,3,Project Manager,Bachelor,Delhi,0
58,97642,25,4,2,Data Analyst,Master,Chennai,0
44,120093,11,6,2,Project Manager,Bachelor,Pune,0
36,144390,15,2,4,Data Analyst,Bachelor,Bangalore,0
50,116143,4,2,3,Project Manager,High School,Mumbai,1
57,67599,21,9,4,Project Manager,High School,Hyderabad,0
34,81920,13,1,2,Sales Executive,Master,Chennai,0
53,58529,22,2,1,Project Manager,Master,Hyderabad,1
28,65954,19,9,2,HR Manager,Bachelor,Pune,1
43,57856,34,0,4,Project Manager,High School,Mumbai,1
49,32573,14,4,3,Data Analyst,Master,Chennai,1
23,108344,4,4,3,Project Manager,Master,Pune,0
27,65367,27,6,4,Software Engineer,PhD,Hyderabad,1
49,132337,29,3,3,Data Analyst,Master,Hyderabad,1
49,136732,28,2,5,Software Engineer,Bachelor,Chennai,0
41,129608,8,0,1,Data Analyst,High School,Mumbai,0
51,90774,16,7,1,HR Manager,Master,Hyderabad,0
32,53752,30,2,1,HR Manager,PhD,Bangalore,0
49,85029,18,1,3,HR Manager,High School,Pune,0
46,47685,2,3,3,Software Engineer,Master,Chennai,0
54,81693,13,2,2,Sales Executive,PhD,Delhi,0
22,146739,4,0,2,Data Analyst,Master,Delhi,0
48,85961,26,2,1,HR Manager,High School,Mumbai,0
34,136937,25,1,5,Data Analyst,High School,Bangalore,1
24,106908,30,7,2,Software Engineer,High School,Hyderabad,1
27,104532,11,5,2,Sales Executive,Bachelor,Delhi,0
29,111994,7,8,3,Software Engineer,Master,Mumbai,1
48,86133,31,7,5,Data Analyst,Bachelor,Pune,1
30,127425,10,9,1,Sales Executive,High School,Bangalore,0
58,91268,13,2,2,Sales Executive,PhD,Bangalore,0
54,122201,31,4,5,Software Engineer,Master,Mumbai,1
45,68243,7,6,5,HR Manager,Bachelor,Mumbai,1
36,87384,20,4,1,Data Analyst,Master,Hyderabad,0
53,61653,4,7,5,Project Manager,PhD,Mumbai,1
53,56657,7,4,5,Project Manager,Bachelor,Hyderabad,1
45,69952,1,0,5,Software Engineer,High School,Hyderabad,0
33,52180,13,4,2,Data Analyst,Bachelor,Chennai,0
23,127432,22,3,1,Data Analyst,Master,Bangalore,1
24,108411,21,5,5,Software Engineer,Master,Pune,1
58,31622,22,2,5,Data Analyst,Master,Bangalore,1
38,78756,28,4,2,HR Manager,Master,Bangalore,1
23,70809,9,1,1,Software Engineer,High School,Chennai,0
23,46725,26,5,3,HR Manager,Bachelor,Hyderabad,0
49,91396,9,5,2,Data Analyst,High School,Hyderabad,0
44,81226,15,4,1,Software Engineer,High School,Mumbai,1
58,136296,10,5,5,Data Analyst,High School,Chennai,1
53,111182,24,6,1,Software Engineer,Master,Mumbai,1
54,112565,8,4,1,Data Analyst,Master,Chennai,1
22,59402,24,0,1,HR Manager,Master,Mumbai,0
40,34263,16,7,3,HR Manager,Bachelor,Delhi,1
23,126523,26,3,1,Data Analyst,PhD,Bangalore,0
47,76828,27,8,3,Software Engineer,Master,Bangalore,0
53,77924,4,9,5,Project Manager,Bachelor,Pune,1
27,104182,24,5,3,HR Manager,Master,Hyderabad,0
53,123065,19,0,5,HR Manager,Master,Pune,1
25,89052,10,2,5,Project Manager,High School,Delhi,1
32,41664,25,2,3,Data Analyst,High School,Pune,1
38,65737,18,9,2,Software Engineer,High School,Bangalore,0
59,131332,19,3,4,Data Analyst,Bachelor,Hyderabad,1
45,119563,10,5,1,Sales Executive,PhD,Delhi,1
26,59373,33,6,4,HR Manager,PhD,Bangalore,1
55,147369,5,9,1,Sales Executive,Bachelor,Mumbai,0
27,66397,34,3,1,HR Manager,Master,Chennai,1
43,116145,33,5,5,HR Manager,Bachelor,Delhi,1
32,131371,21,0,1,Sales Executive,Master,Hyderabad,0
37,68709,17,7,1,Sales Executive,Bachelor,Pune,1
54,146074,22,6,3,Data Analyst,Bachelor,Pune,0
30,91120,15,8,4,Sales Executive,Bachelor,Delhi,1
27,49250,28,2,3,Data Analyst,PhD,Hyderabad,0
37,51172,7,1,1,Data Analyst,High School,Delhi,0
50,41555,32,0,5,Data Analyst,Bachelor,Hyderabad,1
24,117410,11,2,3,HR Manager,PhD,Pune,1
41,108617,10,4,3,HR Manager,High School,Bangalore,1
57,83276,9,1,2,Sales Executive,High School,Mumbai,1
40,87492,14,2,1,HR Manager,Bachelor,Bangalore,0
47,83002,13,3,5,Sales Executive,Master,Mumbai,0
24,119599,25,6,3,HR Manager,Master,Pune,1
40,102355,2,2,3,Software Engineer,Master,Bangalore,0
41,121248,7,8,5,Software Engineer,Bachelor,Bangalore,1
53,54762,21,7,1,Sales Executive,Master,Delhi,0
28,41046,18,3,2,HR Manager,PhD,Chennai,1
54,126999,3,0,3,HR Manager,PhD,Pune,1
39,146021,11,0,2,Data Analyst,PhD,Hyderabad,0
22,58769,24,0,4,Project Manager,PhD,Pune,1
32,83302,19,0,1,Sales Executive,High School,Hyderabad,0
49,53150,4,7,4,Project Manager,PhD,Hyderabad,0
46,98247,26,2,4,Project Manager,Master,Mumbai,1
44,34853,32,5,4,Sales Executive,Bachelor,Hyderabad,0
52,124613,33,2,1,HR Manager,Master,Hyderabad,1
51,119399,3,4,1,Sales Executive,PhD,Delhi,0
56,51792,9,6,5,Project Manager,High School,Bangalore,1
28,89129,8,1,2,HR Manager,PhD,Pune,0
37,136019,33,5,2,Software Engineer,Bachelor,Pune,1
47,104478,6,5,5,Sales Executive,Master,Hyderabad,0
23,143811,4,2,5,Sales Executive,Bachelor,Chennai,1
22,144130,13,5,4,HR Manager,Bachelor,Pune,0
33,97298,2,9,5,Software Engineer,Bachelor,Hyderabad,1
26,61987,5,9,3,Software Engineer,Master,Mumbai,1
58,45850,27,4,2,HR Manager,PhD,Mumbai,1
53,42112,32,1,5,Data Analyst,Bachelor,Mumbai,0
30,54058,21,8,3,Sales Executive,Master,Hyderabad,0
56,75420,8,7,3,Sales Executive,High School,Delhi,0
40,68890,8,2,3,Project Manager,Master,Chennai,0
37,96017,3,7,3,HR Manager,High School,Hyderabad,0
24,77304,3,8,4,Project Manager,Master,Delhi,0
41,62921,22,2,3,Project Manager,PhD,Delhi,1
45,135921,6,2,4,Software Engineer,Bachelor,Pune,0
54,31524,2,1,4,Sales Executive,PhD,Hyderabad,0
45,130424,23,7,3,Project Manager,Master,Hyderabad,1
32,45048,2,9,2,Software Engineer,Bachelor,Delhi,0
29,65111,17,0,3,HR Manager,High School,Delhi,0
57,67904,34,7,3,Project Manager,Master,Delhi,1
59,84912,23,6,3,Sales Executive,Bachelor,Pune,0
41,64008,30,6,2,Project Manager,High School,Hyderabad,0
56,30060,8,2,1,HR Manager,High School,Delhi,0
46,104666,22,0,1,Project Manager,PhD,Mumbai,1
56,113559,5,3,4,Sales Executive,Master,Hyderabad,0
46,85337,13,8,4,Software Engineer,High School,Pune,1
50,140616,29,4,2,Sales Executive,Bachelor,Mumbai,1
39,43350,31,0,5,Software Engineer,High School,Bangalore,1
39,54354,16,4,1,Data Analyst,High School,Hyderabad,0
23,75186,30,7,4,Sales Executive,PhD,Bangalore,1
56,58145,16,7,1,Sales Executive,PhD,Delhi,0
37,64020,12,4,2,HR Manager,Bachelor,Pune,1
57,116123,17,8,2,Project Manager,PhD,Delhi,1
54,136667,16,0,5,Software Engineer,High School,Pune,0
25,105186,12,3,5,Software Engineer,High School,Chennai,1
54,115469,8,2,2,HR Manager,PhD,Delhi,0
35,50581,20,1,4,HR Manager,High School,Bangalore,0
42,118929,3,7,1,Project Manager,High School,Pune,1
41,53051,16,6,3,Project Manager,Bachelor,Delhi,1
29,81474,30,8,5,Sales Executive,PhD,Hyderabad,1
28,121748,23,1,3,Data Analyst,High School,Pune,1
24,144618,28,3,4,Project Manager,PhD,Pune,1
38,99626,5,5,5,HR Manager,Bachelor,Delhi,1
54,36960,20,2,3,Project Manager,PhD,Chennai,0
33,65772,1,7,4,Software Engineer,High School,Delhi,1
43,51520,30,2,1,Data Analyst,PhD,Bangalore,0
43,79481,21,1,4,Sales Executive,High School,Bangalore,1
51,66408,20,2,5,Software Engineer,High School,Pune,0
59,124006,6,5,2,Software Engineer,High School,Pune,0
59,87134,22,1,1,Data Analyst,Bachelor,Delhi,1
29,50491,18,7,3,Sales Executive,PhD,Bangalore,0
48,31341,8,0,5,HR Manager,Bachelor,Bangalore,0
48,74623,32,6,2,Sales Executive,PhD,Chennai,1
55,120327,33,1,4,Project Manager,Bachelor,Hyderabad,1
42,30338,16,9,2,Software Engineer,Master,Chennai,0
51,101431,12,5,5,Project Manager,High School,Mumbai,0
54,42254,34,1,5,HR Manager,High School,Chennai,0
49,81860,14,1,2,Project Manager,Bachelor,Delhi,1
54,41344,33,9,4,Sales Executive,Master,Hyderabad,1
26,31750,23,7,2,Project Manager,High School,Delhi,1
40,84756,2,1,5,HR Manager,PhD,Mumbai,0
25,97957,21,6,5,HR Manager,Bachelor,Hyderabad,0
56,135423,2,2,3,HR Manager,High School,Pune,0
38,88053,27,7,3,Sales Executive,High School,Bangalore,1
49,100855,9,6,1,HR Manager,Bachelor,Chennai,1
51,45896,1,7,5,Software Engineer,Bachelor,Delhi,1
50,85761,11,6,3,HR Manager,PhD,Mumbai,1
27,92552,3,5,2,Project Manager,PhD,Bangalore,0
56,107454,23,6,4,Project Manager,High School,Chennai,1
58,148681,26,4,2,Project Manager,High School,Bangalore,0
45,120600,4,6,4,Sales Executive,Bachelor,Chennai,0
50,142153,18,0,3,Project Manager,High School,Pune,0
52,57935,6,0,1,Sales Executive,High School,Hyderabad,0
56,67641,22,8,2,Sales Executive,Bachelor,Bangalore,1
54,59711,15,4,2,HR Manager,High School,Bangalore,0
42,100342,22,4,2,Software Engineer,High School,Bangalore,0
53,136896,12,2,4,HR Manager,Master,Hyderabad,0
44,42182,18,4,3,HR Manager,PhD,Mumbai,1
54,117833,30,2,2,Sales Executive,Bachelor,Chennai,0
24,86276,24,8,2,Sales Executive,Master,Pune,0
39,49541,30,8,1,Project Manager,PhD,Bangalore,1
46,124457,14,5,1,Project Manager,PhD,Hyderabad,0
52,112310,6,0,3,HR Manager,PhD,Mumbai,0
24,74813,3,6,3,Data Analyst,Master,Chennai,0
45,67198,16,6,5,Data Analyst,Master,Hyderabad,0
53,38820,7,9,1,Project Manager,PhD,Pune,1
43,54070,14,9,5,Data Analyst,High School,Pune,1
44,99768,9,3,4,Project Manager,High School,Chennai,0
23,41122,15,7,5,Sales Executive,Master,Bangalore,1
48,110559,21,5,2,HR Manager,Master,Pune,0
23,103543,2,3,5,Software Engineer,Master,Mumbai,0
47,113441,27,3,3,HR Manager,PhD,Hyderabad,0
38,71786,2,1,4,Project Manager,High School,Mumbai,1
54,124934,18,1,2,Project Manager,Master,Bangalore,0
30,129804,14,3,5,HR Manager,Master,Mumbai,0
50,36737,20,4,4,Project Manager,Bachelor,Mumbai,0
47,66062,18,7,4,Data Analyst,PhD,Delhi,1
56,84237,10,5,2,Data Analyst,Bachelor,Mumbai,0
46,81571,25,3,5,Project Manager,High School,Chennai,1
45,55510,2,6,4,Project Manager,Bachelor,Hyderabad,1
34,49426,25,7,4,Data Analyst,Bachelor,Delhi,1
28,67265,33,1,1,Project Manager,Bachelor,Hyderabad,1
57,47850,31,6,4,Project Manager,PhD,Hyderabad,0
41,148249,14,1,1,HR Manager,High School,Bangalore,1
22,96150,1,1,5,Software Engineer,Bachelor,Bangalore,1
29,117312,16,7,5,Data Analyst,PhD,Delhi,1
37,119613,3,1,5,HR Manager,High School,Pune,0
35,104910,6,8,3,Software Engineer,Master,Bangalore,1
33,82375,25,0,5,Project Manager,Bachelor,Bangalore,0
44,65435,13,8,4,Project Manager,High School,Bangalore,1
36,126443,34,0,2,HR Manager,Bachelor,Hyderabad,1
49,87132,8,9,1,Project Manager,Master,Delhi,1
55,108945,21,9,3,Sales Executive,High School,Hyderabad,0
23,112050,34,1,5,HR Manager,PhD,Chennai,1
53,125402,4,5,5,Software Engineer,High School,Hyderabad,0
44,32983,25,5,2,HR Manager,PhD,Chennai,1
43,127241,15,0,2,Data Analyst,High School,Mumbai,0
46,50662,4,6,3,HR Manager,PhD,Mumbai,0
43,53510,12,7,1,Project Manager,Master,Chennai,0
43,108187,32,1,5,Project Manager,Master,Chennai,1
27,70998,32,7,3,Sales Executive,Master,Hyderabad,1
36,86846,28,8,4,Sales Executive,High School,Chennai,1
58,124071,13,5,4,Sales Executive,Master,Delhi,0
54,36640,31,4,3,Software Engineer,Bachelor,Mumbai,1
29,74547,14,8,5,Sales Executive,Master,Mumbai,1
26,84620,20,8,3,Software Engineer,PhD,Pune,0
25,45317,18,0,5,Sales Executive,PhD,Chennai,1
27,145608,29,2,2,Software Engineer,PhD,Bangalore,0
53,37564,6,8,3,HR Manager,High School,Bangalore,1
51,57345,32,1,5,HR Manager,Bachelor,Chennai,1
56,143824,29,3,3,Project Manager,Master,Delhi,0
37,124223,2,3,3,Software Engineer,Bachelor,Bangalore,0
34,109273,23,1,5,Data Analyst,Bachelor,Pune,1
51,104859,19,2,5,Project Manager,PhD,Chennai,0
40,110765,31,2,1,HR Manager,PhD,Delhi,0
38,140017,5,0,3,Software Engineer,PhD,Delhi,1
40,104038,19,5,4,Sales Executive,High School,Hyderabad,1
49,82393,34,7,3,Data Analyst,Bachelor,Delhi,1
47,96081,10,2,3,HR Manager,Bachelor,Bangalore,0
58,132650,25,4,5,Project Manager,High School,Bangalore,1
47,59430,2,0,3,Software Engineer,High School,Chennai,0
44,105532,11,9,3,Data Analyst,High School,Chennai,1
30,57788,31,6,4,Software Engineer,Bachelor,Delhi,0
33,125505,15,9,5,Sales Executive,Bachelor,Pune,1
22,78543,9,0,3,Project Manager,PhD,Mumbai,1
22,43919,23,8,2,Software Engineer,PhD,Hyderabad,1
55,99346,19,7,1,HR Manager,Bachelor,Mumbai,1
53,126122,9,6,4,Project Manager,PhD,Delhi,0
46,69974,21,9,3,HR Manager,High School,Delhi,1
22,137309,9,6,2,Software Engineer,Master,Mumbai,0
37,46371,28,4,3,Project Manager,PhD,Hyderabad,0
26,75084,7,4,3,HR Manager,Bachelor,Mumbai,0
43,59629,16,4,5,Sales Executive,PhD,Chennai,0
50,81184,16,0,5,Sales Executive,PhD,Bangalore,0
24,91916,33,7,5,Software Engineer,PhD,Pune,1
33,103972,4,0,2,Project Manager,Master,Chennai,0
47,92187,4,3,3,Data Analyst,High School,Bangalore,1
37,42984,17,8,1,Project Manager,Bachelor,Pune,0
58,63039,29,8,4,Sales Executive,Master,Pune,0
43,115431,7,4,5,HR Manager,Bachelor,Pune,1
50,113691,27,3,5,Data Analyst,Bachelor,Delhi,1
35,88606,28,2,3,Software Engineer,Bachelor,Pune,1
49,40616,22,2,3,Data Analyst,Master,Hyderabad,1
26,132665,14,4,2,Software Engineer,High School,Mumbai,0
51,135373,7,9,2,Data Analyst,Bachelor,Hyderabad,1
26,80072,22,0,5,Software Engineer,High School,Mumbai,1
33,54574,5,4,3,Software Engineer,High School,Chennai,0
37,33430,2,5,1,Data Analyst,PhD,Chennai,1
47,149123,27,6,4,Data Analyst,Master,Mumbai,1
47,42676,21,8,3,Software Engineer,Master,Hyderabad,1
42,40816,15,2,3,Sales Executive,PhD,Mumbai,0
57,62733,21,1,2,Data Analyst,PhD,Pune,0
54,115680,10,2,4,Project Manager,High School,Delhi,0
51,32050,23,8,5,HR Manager,Bachelor,Chennai,0
58,139996,5,6,3,Software Engineer,Master,Delhi,0
44,63933,1,8,5,Software Engineer,Bachelor,Pune,1
31,54951,13,1,3,HR Manager,Bachelor,Pune,1
26,62413,21,4,5,Sales Executive,PhD,Chennai,1
57,64801,26,3,4,HR Manager,Bachelor,Chennai,1
55,85619,21,1,2,Data Analyst,High School,Pune,1
52,62913,18,8,4,HR Manager,PhD,Bangalore,0
31,142573,32,8,1,Software Engineer,Bachelor,Delhi,1
40,149076,17,5,2,HR Manager,PhD,Delhi,1
53,70600,11,5,4,Project Manager,High School,Bangalore,1
22,87775,21,7,1,Data Analyst,High School,Hyderabad,0
26,120816,26,5,3,HR Manager,Bachelor,Delhi,1
25,120093,4,0,3,Software Engineer,PhD,Mumbai,0
37,142590,34,3,5,Data Analyst,Bachelor,Pune,1
45,65400,18,6,2,Software Engineer,Bachelor,Pune,1
37,34494,29,1,3,Sales Executive,PhD,Bangalore,1
23,110688,29,8,2,Project Manager,Bachelor,Delhi,0
49,119431,21,7,3,Sales Executive,High School,Hyderabad,1
53,104691,13,7,5,Project Manager,PhD,Delhi,1
48,127419,17,6,4,HR Manager,PhD,Pune,1
41,138730,9,3,5,Data Analyst,PhD,Chennai,0
45,73001,1,1,1,HR Manager,PhD,Mumbai,0
33,97364,2,2,3,Project Manager,Bachelor,Bangalore,0
56,75028,29,5,1,Project Manager,Bachelor,Chennai,1
54,137434,33,4,1,Project Manager,High School,Hyderabad,1
54,127659,10,7,2,Software Engineer,Master,Chennai,1
58,67573,21,5,3,Data Analyst,Master,Chennai,1
33,30806,28,5,1,HR Manager,High School,Hyderabad,1
24,86638,11,0,4,HR Manager,Master,Chennai,0
22,136506,34,3,1,Sales Executive,High School,Bangalore,1
54,59757,8,4,4,Project Manager,Bachelor,Pune,0
31,64636,22,2,2,Project Manager,PhD,Delhi,1
50,110097,8,8,1,Project Manager,PhD,Chennai,1
34,78280,15,0,5,HR Manager,Bachelor,Bangalore,1
33,54262,17,5,2,Sales Executive,PhD,Delhi,0
52,110435,23,5,4,Software Engineer,PhD,Delhi,1
23,92211,24,9,2,Data Analyst,Master,Chennai,1
56,84842,19,4,1,Software Engineer,Bachelor,Bangalore,1
44,86979,5,4,3,HR Manager,Master,Pune,0
38,144524,32,9,3,Project Manager,Master,Chennai,1
47,111470,1,4,4,Data Analyst,PhD,Hyderabad,0
29,68197,23,5,4,HR Manager,PhD,Delhi,1
50,71844,8,7,3,HR Manager,Bachelor,Chennai,0
47,94754,13,1,4,HR Manager,PhD,Delhi,0
31,131868,8,5,2,Data Analyst,PhD,Bangalore,1
47,64157,23,0,5,Data Analyst,Bachelor,Mumbai,0
55,107129,1,3,5,Sales Executive,PhD,Chennai,0
28,70042,24,9,2,Sales Executive,Master,Pune,1
25,91665,24,2,5,Software Engineer,Bachelor,Chennai,0
32,145512,17,8,1,Data Analyst,PhD,Delhi,1
50,146953,5,2,2,Data Analyst,High School,Bangalore,0
57,112856,20,5,4,Data Analyst,Bachelor,Hyderabad,1
46,57376,21,0,2,Sales Executive,Bachelor,Pune,0
42,139049,31,5,3,HR Manager,High School,Bangalore,1
57,85554,11,3,4,Project Manager,PhD,Chennai,0
31,44199,15,7,3,Sales Executive,PhD,Hyderabad,0
58,148533,19,8,4,Data Analyst,Bachelor,Bangalore,1
30,111412,7,3,5,Sales Executive,Bachelor,Mumbai,0
45,80948,28,9,2,Software Engineer,PhD,Pune,1
56,103781,5,9,1,Data Analyst,PhD,Delhi,1
56,102750,5,5,4,Software Engineer,Master,Bangalore,1
57,96262,30,0,4,Data Analyst,Bachelor,Bangalore,1
39,147424,32,3,3,Sales Executive,Bachelor,Mumbai,0
53,76600,8,6,5,HR Manager,High School,Chennai,0
45,106898,10,0,3,Project Manager,Master,Pune,0
44,92483,32,7,3,Software Engineer,PhD,Pune,1
53,48297,28,9,5,Sales Executive,Master,Delhi,1
58,60448,17,5,1,HR Manager,PhD,Bangalore,1
33,56172,31,4,3,Sales Executive,PhD,Hyderabad,0
34,72874,8,9,3,Software Engineer,Master,Bangalore,0
44,37657,25,8,4,Project Manager,Bachelor,Delhi,1
46,114386,9,1,5,Sales Executive,PhD,Bangalore,0
56,55425,2,4,2,Data Analyst,Master,Mumbai,0
51,56685,15,5,1,HR Manager,High School,Bangalore,0
38,142855,3,6,1,Sales Executive,Master,Bangalore,0
41,54578,4,4,5,HR Manager,High School,Hyderabad,1
46,58831,14,8,4,Data Analyst,PhD,Mumbai,1
43,37906,25,0,4,Project Manager,Master,Mumbai,0
34,91413,10,6,5,Project Manager,Master,Bangalore,1
40,84028,21,9,4,Data Analyst,High School,Pune,1
57,37287,12,6,1,HR Manager,Master,Hyderabad,0
33,63660,27,3,1,Sales Executive,Master,Bangalore,0
40,105758,2,8,2,Data Analyst,PhD,Bangalore,1
33,90504,13,4,5,Software Engineer,Master,Delhi,0
30,89720,32,3,3,HR Manager,Bachelor,Delhi,0
28,132979,31,6,3,Project Manager,High School,Pune,1
49,64701,16,3,2,Data Analyst,Master,Hyderabad,0
35,113300,32,2,2,Project Manager,High School,Chennai,1
52,140177,32,8,4,HR Manager,High School,Delhi,1
40,47674,34,7,2,Project Manager,High School,Chennai,0
37,113560,11,0,2,Data Analyst,Master,Mumbai,0
26,141543,10,6,3,HR Manager,Master,Delhi,1
56,53874,15,8,4,Software Engineer,High School,Delhi,1
33,73642,17,7,2,Data Analyst,Bachelor,Hyderabad,0
46,127820,18,7,2,Sales Executive,High School,Pune,1
42,95160,9,5,4,Data Analyst,Bachelor,Chennai,1
57,47602,25,3,5,HR Manager,High School,Delhi,1
44,133320,14,7,4,Data Analyst,PhD,Delhi,1
37,118801,25,2,3,Software Engineer,High School,Hyderabad,1
35,55931,22,8,5,Software Engineer,High School,Hyderabad,0
52,124377,30,1,1,Sales Executive,Master,Pune,0
26,59192,20,1,4,Project Manager,Bachelor,Chennai,0
56,76542,21,6,3,HR Manager,PhD,Mumbai,0
44,72520,32,9,5,HR Manager,Bachelor,Pune,1
50,94772,21,3,4,Project Manager,PhD,Mumbai,1
32,88762,32,9,2,Software Engineer,High School,Bangalore,1
39,80106,30,7,4,Software Engineer,Master,Delhi,1
33,111121,12,8,1,Data Analyst,Master,Chennai,1
30,55559,18,6,4,Sales Executive,Bachelor,Pune,0
31,135595,21,4,5,Sales Executive,Master,Delhi,1
38,63742,13,7,5,Sales Executive,Bachelor,Chennai,0
59,99669,21,3,4,Data Analyst,Bachelor,Chennai,1
28,110199,8,1,5,Sales Executive,PhD,Chennai,0
34,51754,7,5,2,Project Manager,Bachelor,Delhi,0
30,33972,23,8,4,Data Analyst,PhD,Pune,1
48,100831,32,0,2,Project Manager,Master,Hyderabad,0
23,142217,11,9,2,Data Analyst,Bachelor,Delhi,0
26,71873,22,6,3,Sales Executive,Bachelor,Chennai,0
50,124661,22,9,4,Project Manager,High School,Pune,1
58,136532,25,8,5,Project Manager,Bachelor,Bangalore,1
59,39903,22,9,2,Project Manager,Bachelor,Mumbai,0
40,33020,28,8,3,Data Analyst,High School,Chennai,0
29,71755,29,9,4,HR Manager,High School,Bangalore,0
22,115956,13,2,4,Sales Executive,Master,Hyderabad,0
43,116988,18,4,1,Project Manager,Bachelor,Chennai,1
38,75648,2,7,1,HR Manager,Master,Bangalore,0
28,133537,29,7,2,Sales Executive,Master,Chennai,1
46,39516,21,3,1,Sales Executive,High School,Delhi,0
25,142863,15,0,2,Project Manager,PhD,Pune,0
57,145005,27,0,5,Project Manager,Master,Bangalore,1
27,32396,31,3,2,Data Analyst,PhD,Pune,1
52,114082,15,5,1,HR Manager,Bachelor,Delhi,0
40,49129,23,7,5,HR Manager,High School,Delhi,1
48,31591,24,5,1,Project Manager,Bachelor,Pune,0
31,41303,13,8,2,Sales Executive,Bachelor,Bangalore,0
47,60561,22,8,3,Project Manager,High School,Pune,1
40,101719,33,1,4,Sales Executive,Bachelor,Pune,0
24,148618,3,9,1,Sales Executive,High School,Mumbai,0
34,122108,19,0,2,Project Manager,PhD,Bangalore,0
49,129616,23,1,5,Software Engineer,Bachelor,Mumbai,1
41,116231,29,4,1,HR Manager,High School,Chennai,0
49,37314,30,3,1,Sales Executive,Master,Pune,1
29,147071,25,3,4,Sales Executive,Bachelor,Chennai,1
22,49623,8,8,2,Software Engineer,PhD,Bangalore,0
24,97675,16,7,3,Data Analyst,High School,Pune,0
34,142992,8,5,5,Software Engineer,Bachelor,Chennai,1
49,126826,1,0,2,Software Engineer,Bachelor,Hyderabad,0
46,95082,5,1,5,Sales Executive,Bachelor,Delhi,0
54,113624,3,5,1,HR Manager,PhD,Pune,0
59,135228,1,1,4,Software Engineer,High School,Delhi,0
27,63130,4,9,4,Data Analyst,Master,Mumbai,1
53,81756,32,4,3,Project Manager,Master,Chennai,0
42,127624,34,4,4,Software Engineer,Master,Mumbai,0
37,56292,25,5,1,Software Engineer,High School,Pune,0
42,141785,10,5,3,Data Analyst,Master,Delhi,1
32,116206,21,5,2,HR Manager,PhD,Delhi,1
58,99274,27,1,4,Software Engineer,High School,Chennai,1
57,32469,27,9,3,Software Engineer,Bachelor,Pune,1
56,83947,2,2,1,HR Manager,PhD,Hyderabad,1
40,52534,13,5,5,Data Analyst,Bachelor,Hyderabad,0
41,93620,9,7,5,Software Engineer,Master,Chennai,0
39,78874,22,0,1,HR Manager,PhD,Pune,1
35,79708,26,0,1,Software Engineer,High School,Chennai,1
36,104553,12,1,5,Project Manager,PhD,Pune,1
52,98344,17,5,3,Sales Executive,Bachelor,Mumbai,0
22,79138,14,8,5,Project Manager,High School,Chennai,0
24,84302,14,3,1,Software Engineer,PhD,Pune,0
37,77638,34,2,4,Data Analyst,PhD,Hyderabad,1
44,108249,20,7,2,Sales Executive,PhD,Pune,1
32,135865,11,9,4,Project Manager,PhD,Pune,1
33,32719,16,8,4,HR Manager,High School,Chennai,1
31,52890,31,4,1,Data Analyst,Bachelor,Mumbai,1
53,107236,6,8,5,Project Manager,PhD,Mumbai,0
37,66509,19,1,3,HR Manager,High School,Mumbai,0
29,72534,4,2,4,Software Engineer,Bachelor,Mumbai,0
59,132302,4,6,5,HR Manager,PhD,Bangalore,1
33,122241,20,6,3,Project Manager,Bachelor,Chennai,0
45,48787,10,5,4,Project Manager,Bachelor,Delhi,1
49,78845,24,5,3,Software Engineer,High School,Chennai,1
29,87932,26,1,5,HR Manager,Bachelor,Bangalore,0
49,122124,21,9,2,HR Manager,High School,Mumbai,1
57,121659,21,5,5,Software Engineer,PhD,Bangalore,1
47,63062,10,3,1,HR Manager,Bachelor,Hyderabad,0
29,105713,4,2,3,Software Engineer,Bachelor,Hyderabad,0
49,117263,20,1,2,Data Analyst,Master,Chennai,1
49,125756,17,0,3,Project Manager,PhD,Chennai,0
58,90461,7,4,3,Data Analyst,PhD,Delhi,0
57,105418,4,1,4,Sales Executive,Master,Delhi,0
48,96672,29,1,1,Sales Executive,Master,Hyderabad,0
38,64832,14,6,3,Sales Executive,High School,Mumbai,0
30,61966,3,7,5,Software Engineer,High School,Bangalore,1
54,102545,24,9,5,HR Manager,Bachelor,Delhi,1
41,42987,16,7,4,Data Analyst,Bachelor,Pune,1
34,67311,4,3,1,Data Analyst,Bachelor,Delhi,0
49,61575,24,0,1,Data Analyst,Bachelor,Mumbai,0
50,93852,34,6,5,Data Analyst,High School,Mumbai,1
34,31007,30,0,2,Sales Executive,PhD,Chennai,1
56,100981,18,3,4,Data Analyst,Bachelor,Bangalore,0
27,106242,19,7,4,HR Manager,PhD,Mumbai,0
39,77517,31,1,5,Sales Executive,Bachelor,Delhi,1
26,140022,19,5,5,Data Analyst,Master,Delhi,1
46,59257,19,5,2,Software Engineer,Bachelor,Hyderabad,1
23,117272,22,8,2,Project Manager,Bachelor,Mumbai,0
31,72207,24,4,1,Project Manager,Bachelor,Pune,1
51,43281,12,9,4,Project Manager,High School,Chennai,1
26,91246,30,3,4,Sales Executive,Master,Bangalore,1
54,31435,31,4,5,Data Analyst,Bachelor,Pune,0
22,128875,19,9,1,Sales Executive,Bachelor,Chennai,0
39,130686,30,4,4,HR Manager,PhD,Delhi,0
53,121357,33,7,1,Software Engineer,Master,Pune,1
32,56660,18,9,1,Software Engineer,Bachelor,Chennai,1
42,35084,28,7,5,Project Manager,PhD,Delhi,1
47,112197,11,1,1,Project Manager,PhD,Delhi,1
46,43507,33,6,2,Project Manager,High School,Delhi,1
43,102595,17,7,2,Data Analyst,PhD,Delhi,1
48,113807,6,5,3,HR Manager,Bachelor,Delhi,1
34,75539,4,4,5,HR Manager,High School,Hyderabad,0
54,145953,20,8,3,HR Manager,High School,Pune,0
55,37491,27,2,2,HR Manager,Bachelor,Chennai,0
56,142831,15,9,3,Project Manager,Master,Hyderabad,0
22,80192,6,3,5,Software Engineer,PhD,Hyderabad,1
42,110395,14,8,5,Project Manager,High School,Mumbai,0
27,93888,11,5,1,HR Manager,Master,Mumbai,1
49,103609,9,7,4,Project Manager,Bachelor,Mumbai,1
38,39077,26,6,1,HR Manager,PhD,Bangalore,1
26,147440,16,1,5,Sales Executive,PhD,Mumbai,1
52,50953,5,2,2,Software Engineer,High School,Chennai,0
26,106919,10,0,2,Sales Executive,PhD,Hyderabad,1
59,144682,3,8,1,Data Analyst,PhD,Chennai,0
24,97889,13,6,5,Project Manager,PhD,Pune,1
44,53821,30,0,2,Data Analyst,PhD,Mumbai,0
58,67567,6,2,5,Project Manager,Bachelor,Bangalore,1
58,145374,17,3,2,Sales Executive,Master,Pune,1
31,54860,19,3,5,HR Manager,Bachelor,Bangalore,1
31,51195,26,4,3,HR Manager,Bachelor,Pune,1
40,107475,5,2,5,Project Manager,High School,Hyderabad,0
38,120874,29,2,5,HR Manager,PhD,Chennai,1
42,117266,20,0,1,Sales Executive,Bachelor,Delhi,0
35,51427,21,6,3,HR Manager,PhD,Chennai,1
30,130732,10,9,4,Sales Executive,Bachelor,Mumbai,1
22,57083,5,0,1,Data Analyst,Bachelor,Delhi,0
34,117046,6,1,4,Sales Executive,High School,Bangalore,0
25,87372,26,3,2,Software Engineer,Master,Hyderabad,0
22,74064,4,3,4,Software Engineer,Master,Hyderabad,0
53,37813,1,4,5,Software Engineer,Bachelor,Bangalore,1
55,61598,24,1,4,Project Manager,High School,Mumbai,0
49,142718,6,3,1,Project Manager,PhD,Bangalore,0
52,123106,31,0,1,Project Manager,PhD,Pune,0
29,57082,20,1,4,Sales Executive,Bachelor,Mumbai,1
47,59241,24,0,1,Project Manager,Master,Delhi,1
55,126214,25,9,1,Data Analyst,High School,Bangalore,1
24,74569,21,9,4,Software Engineer,Master,Mumbai,1
33,41745,30,3,3,Sales Executive,PhD,Delhi,1
22,56029,24,3,3,Software Engineer,Master,Bangalore,0
26,43025,30,6,2,Project Manager,PhD,Hyderabad,1
51,131660,22,9,1,Sales Executive,High School,Bangalore,1
51,44288,28,8,4,HR Manager,High School,Chennai,1
38,119186,7,8,1,Data Analyst,Bachelor,Bangalore,0
44,36540,28,4,5,Project Manager,Bachelor,Chennai,1
36,127768,14,9,1,Project Manager,Master,Delhi,0
58,111958,10,0,1,Data Analyst,High School,Bangalore,0
42,98878,16,0,3,Data Analyst,High School,Delhi,0
35,71846,16,5,4,HR Manager,Bachelor,Delhi,1
23,131148,31,1,1,Project Manager,PhD,Mumbai,1
32,105932,25,7,3,Project Manager,Master,Delhi,1
59,47482,13,8,2,Software Engineer,Master,Delhi,0
55,53411,6,3,3,Sales Executive,Bachelor,Bangalore,1
59,80975,9,4,3,Sales Executive,High School,Bangalore,0
55,90545,20,7,3,Software Engineer,Bachelor,Hyderabad,1
39,142302,18,2,1,Sales Executive,Bachelor,Mumbai,0
51,108797,21,4,1,Data Analyst,Bachelor,Delhi,1
36,82307,4,2,2,Sales Executive,Bachelor,Mumbai,1
48,33093,33,9,5,Sales Executive,PhD,Chennai,1
55,107258,27,2,5,Software Engineer,PhD,Delhi,1
59,52042,7,2,5,HR Manager,High School,Mumbai,1
54,82930,6,6,2,Sales Executive,Bachelor,Hyderabad,0
45,147584,15,6,5,Sales Executive,PhD,Hyderabad,1
36,74413,18,6,5,HR Manager,High School,Delhi,1
51,143387,32,9,3,Software Engineer,Bachelor,Chennai,1
38,123623,11,7,1,HR Manager,Master,Hyderabad,1
26,127883,20,4,1,Software Engineer,PhD,Hyderabad,0
50,63756,24,4,3,Data Analyst,High School,Chennai,1
25,83268,15,3,3,Software Engineer,Master,Mumbai,0
31,69214,7,6,3,Data Analyst,Bachelor,Hyderabad,1
38,111871,21,9,1,Data Analyst,Bachelor,Bangalore,0
31,58602,26,3,5,Software Engineer,Bachelor,Pune,1
38,83331,14,1,3,Project Manager,PhD,Pune,0
41,78901,21,3,2,Software Engineer,High School,Hyderabad,0
45,129986,18,7,3,Sales Executive,Master,Mumbai,0
26,93416,5,8,4,Sales Executive,High School,Mumbai,0
55,62196,3,2,3,Project Manager,PhD,Delhi,0
27,35626,23,6,1,Data Analyst,High School,Bangalore,0
23,37424,26,8,3,Project Manager,PhD,Mumbai,1
34,42857,24,3,4,Sales Executive,Bachelor,Chennai,0
32,140459,19,9,2,Project Manager,Master,Bangalore,1
44,145621,25,2,5,Software Engineer,Bachelor,Pune,1
37,49982,21,4,3,Project Manager,High School,Bangalore,1
52,106961,12,0,4,Data Analyst,Bachelor,Chennai,0
32,31980,33,2,4,Software Engineer,Master,Hyderabad,0
37,78290,4,7,2,HR Manager,Bachelor,Chennai,0
29,56431,7,7,1,Sales Executive,Master,Chennai,1
25,114976,22,3,3,Sales Executive,Master,Hyderabad,0
25,137288,33,1,4,Project Manager,Bachelor,Hyderabad,1
46,112711,17,7,2,Software Engineer,PhD,Hyderabad,1
24,144187,24,7,5,HR Manager,High School,Hyderabad,1
53,56385,34,9,4,Software Engineer,PhD,Hyderabad,1
24,68158,28,3,2,Sales Executive,PhD,Chennai,1
48,53019,22,2,1,Software Engineer,Bachelor,Delhi,0
50,48639,17,1,1,HR Manager,High School,Delhi,0
53,115530,34,8,4,Project Manager,High School,Mumbai,1
40,129911,6,0,4,Data Analyst,PhD,Delhi,0
42,51563,6,6,3,Software Engineer,Bachelor,Pune,0
26,69341,34,4,2,Data Analyst,High School,Delhi,1
39,145672,1,7,4,Sales Executive,PhD,Chennai,1
49,35776,10,3,3,Project Manager,High School,Hyderabad,1
43,66444,21,6,3,Project Manager,Bachelor,Hyderabad,1
42,98916,5,4,4,Software Engineer,Bachelor,Chennai,1
27,38711,2,4,1,Project Manager,Bachelor,Pune,0
22,104318,22,8,2,Software Engineer,High School,Delhi,1
26,112970,2,8,2,Software Engineer,Master,Chennai,1
33,142301,10,8,1,Data Analyst,High School,Mumbai,0
47,115553,34,5,4,Project Manager,Master,Hyderabad,1
55,60707,16,5,2,Software Engineer,Bachelor,Bangalore,1
35,69110,22,4,4,Data Analyst,PhD,Mumbai,1
47,91788,12,8,4,HR Manager,Master,Pune,0
48,112879,24,9,3,Data Analyst,Bachelor,Mumbai,1
30,68827,10,7,1,Data Analyst,Bachelor,Chennai,1
47,137188,32,6,4,Software Engineer,Master,Delhi,1
43,35655,7,6,5,Sales Executive,PhD,Hyderabad,1
51,74859,21,5,1,Sales Executive,Bachelor,Pune,0
38,83625,20,4,2,Sales Executive,Master,Pune,1
47,82098,26,3,3,Data Analyst,PhD,Bangalore,0
57,45251,4,2,2,Software Engineer,PhD,Mumbai,0
22,30526,22,2,2,Project Manager,Bachelor,Bangalore,1
29,98760,15,5,1,Data Analyst,High School,Delhi,0
56,77837,21,3,2,Data Analyst,High School,Delhi,0
36,41536,15,5,4,Software Engineer,Bachelor,Bangalore,0
43,58541,22,2,2,HR Manager,PhD,Hyderabad,1
35,109083,28,3,3,Data Analyst,Bachelor,Delhi,0
47,81027,14,8,3,HR Manager,Master,Bangalore,0
49,64531,27,4,5,HR Manager,High School,Mumbai,1
44,38712,28,6,3,Sales Executive,Master,Bangalore,0
35,134101,26,9,2,Software Engineer,Bachelor,Bangalore,1
45,95455,2,1,3,HR Manager,Bachelor,Chennai,0
23,104744,25,4,1,Software Engineer,PhD,Delhi,0
47,35109,3,8,3,Sales Executive,PhD,Hyderabad,0
35,79268,8,2,4,Software Engineer,PhD,Hyderabad,0
28,130737,33,8,1,Data Analyst,Master,Chennai,1
24,84615,6,5,5,HR Manager,PhD,Pune,1
44,112503,23,3,4,Software Engineer,Bachelor,Hyderabad,1
39,59759,25,6,2,Project Manager,PhD,Bangalore,1
59,115708,19,7,2,Software Engineer,High School,Chennai,1
56,90112,5,5,2,HR Manager,PhD,Mumbai,0
36,132471,11,4,4,Sales Executive,Master,Delhi,1
46,56589,12,5,4,Sales Executive,High School,Delhi,0
58,60015,10,4,4,HR Manager,High School,Delhi,1
49,59009,8,7,1,Data Analyst,High School,Bangalore,0
31,113309,24,0,1,Data Analyst,Master,Mumbai,1
38,92046,28,6,2,Sales Executive,Bachelor,Chennai,1
43,136661,21,9,3,Sales Executive,PhD,Chennai,1
47,56143,8,9,2,HR Manager,High School,Delhi,0
46,36154,9,1,5,Data Analyst,High School,Mumbai,1
38,51804,15,8,1,Sales Executive,High School,Mumbai,0
34,71688,18,0,4,Data Analyst,Bachelor,Mumbai,0
41,94288,20,9,1,Sales Executive,Bachelor,Hyderabad,1
46,81195,6,5,4,Software Engineer,Master,Hyderabad,1
25,50581,12,8,5,Project Manager,Bachelor,Delhi,1
31,82648,2,0,5,Software Engineer,PhD,Mumbai,0
24,60087,7,3,1,Sales Executive,Master,Pune,0
39,79930,16,3,4,Project Manager,Master,Mumbai,0
57,62981,3,8,5,Project Manager,PhD,Chennai,0
43,99298,3,4,2,Sales Executive,PhD,Chennai,0
55,76167,27,4,2,Sales Executive,PhD,Delhi,0
29,105304,33,5,4,Data Analyst,Master,Pune,1
40,73408,28,0,1,Sales Executive,Master,Mumbai,1
58,69499,1,0,5,HR Manager,Master,Pune,0
27,82269,8,8,1,Sales Executive,PhD,Delhi,0
47,68559,32,2,2,HR Manager,PhD,Chennai,1
55,144126,4,3,5,Sales Executive,High School,Chennai,0
27,104319,30,0,1,Data Analyst,Bachelor,Hyderabad,0
58,141925,6,8,3,HR Manager,High School,Delhi,1
54,125317,19,7,4,Software Engineer,PhD,Delhi,1
43,126347,32,1,4,HR Manager,Master,Mumbai,0
42,78787,9,7,3,Data Analyst,PhD,Mumbai,1
27,65488,12,6,2,HR Manager,Bachelor,Hyderabad,0
27,104441,11,5,5,Sales Executive,High School,Bangalore,0
25,104663,16,0,4,Sales Executive,High School,Pune,1
51,52431,1,6,3,Data Analyst,Master,Bangalore,0
32,91681,21,9,3,Project Manager,High School,Bangalore,0
51,93483,30,6,2,Sales Executive,High School,Delhi,1
52,79153,13,8,2,Software Engineer,PhD,Pune,0
45,36368,34,0,1,Data Analyst,High School,Delhi,1
30,57424,4,1,4,HR Manager,High School,Pune,0
24,142360,28,8,1,HR Manager,High School,Chennai,1
52,75004,31,8,3,Software Engineer,Master,Delhi,1
58,113869,27,5,5,Sales Executive,Master,Delhi,0
57,118652,5,5,5,Data Analyst,PhD,Delhi,0
45,142755,25,3,2,Software Engineer,High School,Hyderabad,1
52,86985,3,3,5,Sales Executive,Master,Delhi,1
27,80069,33,4,5,Data Analyst,Master,Mumbai,0
23,82326,4,2,5,HR Manager,PhD,Mumbai,0
41,138737,25,0,3,Data Analyst,Bachelor,Pune,0
49,111061,20,0,5,Project Manager,High School,Chennai,0
32,53398,34,6,5,Data Analyst,Master,Hyderabad,1
25,128393,26,0,5,Project Manager,PhD,Pune,0
36,80861,5,0,1,Data Analyst,PhD,Mumbai,0
27,105897,28,2,3,Project Manager,PhD,Hyderabad,1
51,111905,29,9,2,HR Manager,Master,Hyderabad,1
59,98577,9,3,1,Sales Executive,High School,Chennai,0
23,95641,6,3,4,Project Manager,Bachelor,Hyderabad,0
36,39078,19,1,3,Project Manager,High School,Delhi,1
32,55003,11,0,3,HR Manager,PhD,Hyderabad,0
29,92768,2,2,4,Project Manager,PhD,Chennai,1
47,81047,9,3,4,Software Engineer,Bachelor,Pune,0
26,101626,21,2,4,HR Manager,High School,Chennai,0
27,87660,24,7,2,Software Engineer,PhD,Chennai,1
47,134386,34,9,5,HR Manager,PhD,Mumbai,1
25,79786,22,0,3,Project Manager,High School,Delhi,0
40,31925,3,1,5,Software Engineer,PhD,Mumbai,1
41,113976,12,6,5,Project Manager,High School,Pune,0
54,135221,28,3,4,HR Manager,PhD,Bangalore,1
41,147832,30,7,2,Project Manager,High School,Pune,1
33,56015,26,2,1,Software Engineer,Bachelor,Delhi,1
22,63320,21,5,2,Software Engineer,PhD,Hyderabad,1
47,94881,28,8,5,Project Manager,Bachelor,Chennai,1
35,120827,26,0,2,Data Analyst,PhD,Bangalore,0
59,132215,33,0,4,HR Manager,PhD,Delhi,0
58,56289,21,7,1,HR Manager,Master,Mumbai,1
32,33389,34,2,4,Project Manager,High School,Chennai,1
57,55683,18,4,1,Data Analyst,Bachelor,Pune,1
34,43629,11,0,5,Software Engineer,Bachelor,Mumbai,0
24,91550,23,4,1,Sales Executive,Bachelor,Delhi,0
54,54826,22,5,1,Sales Executive,High School,Delhi,1
27,130734,17,7,1,Project Manager,Master,Pune,1
31,56630,5,2,2,Data Analyst,Bachelor,Bangalore,0
26,128762,11,2,2,Data Analyst,High School,Pune,1
44,76163,30,9,5,HR Manager,PhD,Hyderabad,1
31,128511,15,8,1,Software Engineer,Bachelor,Mumbai,0
23,96435,27,3,3,Data Analyst,Bachelor,Bangalore,0
34,41653,33,3,5,Sales Executive,Master,Chennai,1
23,57961,20,6,1,Software Engineer,Bachelor,Hyderabad,0
41,111941,16,1,1,Software Engineer,Bachelor,Bangalore,0
22,104137,34,7,2,Project Manager,PhD,Mumbai,1
58,63662,2,5,5,Data Analyst,High School,Delhi,0
30,128818,28,2,1,Project Manager,High School,Chennai,0
38,86446,6,8,1,Data Analyst,Master,Pune,0
30,51288,9,4,5,HR Manager,PhD,Mumbai,0
32,125081,20,7,3,Project Manager,High School,Hyderabad,1
36,66877,1,6,5,Project Manager,PhD,Hyderabad,1
45,141562,8,7,5,Sales Executive,High School,Delhi,1
59,45313,23,6,3,Project Manager,PhD,Delhi,1
56,110885,3,2,5,Data Analyst,Master,Chennai,0
51,102715,4,1,1,Sales Executive,Bachelor,Pune,0
52,40326,25,6,5,Project Manager,Master,Chennai,1
26,140091,15,2,3,Project Manager,High School,Delhi,1
35,31560,21,2,4,HR Manager,Master,Delhi,0
32,109148,14,1,5,Project Manager,Bachelor,Hyderabad,1
30,113186,12,3,2,Software Engineer,Master,Delhi,0
55,56745,17,7,1,Sales Executive,High School,Bangalore,1
33,61890,9,0,1,Software Engineer,High School,Mumbai,0
56,50022,13,0,2,Sales Executive,Master,Delhi,0
56,82579,15,4,2,HR Manager,Bachelor,Chennai,1
22,100316,18,4,5,Project Manager,Master,Pune,0
43,113847,33,0,2,Project Manager,Bachelor,Pune,0
50,58380,6,5,4,Project Manager,PhD,Pune,0
29,140198,27,0,3,Sales Executive,Bachelor,Bangalore,0
32,32356,23,4,2,Project Manager,PhD,Chennai,0
58,100326,27,8,2,Software Engineer,Master,Bangalore,1
35,122447,34,4,4,Project Manager,Bachelor,Delhi,0
51,144994,14,5,1,HR Manager,PhD,Mumbai,0
56,119899,8,7,1,Software Engineer,PhD,Pune,0
42,50049,19,0,5,Project Manager,PhD,Chennai,1
58,105717,30,1,4,Project Manager,High School,Pune,1
26,135361,14,8,3,Data Analyst,Master,Bangalore,1
40,46082,20,2,3,Sales Executive,PhD,Hyderabad,1
35,30661,25,5,4,Software Engineer,Bachelor,Delhi,0
47,67412,24,4,3,Data Analyst,PhD,Mumbai,0
25,144015,14,1,1,HR Manager,High School,Delhi,1
46,32920,26,6,3,Sales Executive,Master,Hyderabad,0
46,121194,23,3,3,Software Engineer,High School,Mumbai,0
39,144306,22,0,4,Project Manager,High School,Hyderabad,1
29,90315,19,3,4,Software Engineer,High School,Delhi,1
35,109561,3,5,3,Project Manager,Bachelor,Bangalore,0
53,38946,19,6,2,Sales Executive,Master,Delhi,1
59,124242,9,6,4,Project Manager,Master,Delhi,1
54,75500,28,6,5,HR Manager,Bachelor,Delhi,1
44,134540,20,2,5,Project Manager,Master,Chennai,0
36,46309,7,5,1,HR Manager,High School,Hyderabad,0
54,85230,14,7,3,Sales Executive,Master,Hyderabad,1
46,141822,9,3,2,Sales Executive,Bachelor,Pune,0
38,128656,19,7,1,Software Engineer,High School,Hyderabad,0
54,60027,14,1,3,HR Manager,Bachelor,Pune,0
23,102541,17,9,4,HR Manager,PhD,Chennai,1
35,142340,30,8,5,Data Analyst,High School,Bangalore,1
27,144846,9,8,2,Data Analyst,High School,Pune,0
27,89321,33,7,5,Data Analyst,Master,Delhi,1
24,30956,25,9,4,Project Manager,High School,Bangalore,1
28,130375,14,9,3,Data Analyst,Bachelor,Chennai,1
29,104131,11,0,4,HR Manager,Master,Hyderabad,0
36,77908,14,1,4,Project Manager,PhD,Pune,0
50,108339,30,5,5,Sales Executive,Bachelor,Delhi,1
54,55963,4,9,2,Software Engineer,PhD,Mumbai,0
51,131757,4,4,4,Data Analyst,PhD,Mumbai,0
48,69443,28,8,5,Sales Executive,PhD,Bangalore,1
57,129259,8,4,2,HR Manager,High School,Hyderabad,0
50,69063,2,1,3,Software Engineer,Bachelor,Mumbai,0
59,144225,22,9,3,Sales Executive,Bachelor,Bangalore,1
54,146400,16,3,1,Software Engineer,High School,Chennai,1
58,110818,29,8,5,Data Analyst,Master,Bangalore,1
48,34703,30,0,2,HR Manager,PhD,Bangalore,1
54,95128,12,0,4,Software Engineer,Bachelor,Bangalore,0
25,102099,11,6,3,Sales Executive,High School,Delhi,1
43,55849,21,2,2,Data Analyst,PhD,Bangalore,1
23,61860,21,9,5,Data Analyst,Master,Pune,0
31,61585,5,1,1,Sales Executive,Master,Bangalore,0
26,52015,20,8,3,Sales Executive,PhD,Delhi,0
31,107539,3,2,2,Software Engineer,Master,Delhi,0
54,73585,33,1,2,Project Manager,Bachelor,Chennai,1
59,56958,9,7,2,Data Analyst,Bachelor,Hyderabad,1
34,56017,9,9,5,Software Engineer,Bachelor,Mumbai,1
52,106707,4,5,5,Sales Executive,Master,Mumbai,1
57,75350,17,5,5,Software Engineer,Bachelor,Bangalore,1
45,42201,34,9,4,Sales Executive,High School,Chennai,1
36,59426,24,6,2,HR Manager,Bachelor,Bangalore,0
50,47778,32,6,3,Sales Executive,Bachelor,Mumbai,0
29,75241,1,5,5,Sales Executive,Master,Delhi,0
26,72229,8,3,5,Sales Executive,Bachelor,Hyderabad,0
50,116652,23,8,2,Project Manager,PhD,Chennai,1
25,148402,12,5,5,Sales Executive,High School,Delhi,1
33,78364,12,3,4,Data Analyst,Master,Hyderabad,1
23,128833,15,2,4,Data Analyst,High School,Chennai,1
48,114878,19,3,5,Software Engineer,PhD,Chennai,1
52,87056,26,2,2,Project Manager,Master,Mumbai,0
57,57490,29,1,2,Software Engineer,Master,Delhi,0
57,49975,22,4,2,Data Analyst,Bachelor,Chennai,1
47,56723,21,1,1,Data Analyst,High School,Pune,0
48,53279,20,5,5,HR Manager,PhD,Chennai,1
26,108301,29,2,2,Sales Executive,PhD,Hyderabad,1
41,142214,4,5,4,Data Analyst,Master,Mumbai,1
32,41561,7,9,3,Software Engineer,Bachelor,Bangalore,1
31,137435,28,8,3,Software Engineer,Master,Mumbai,1
59,96061,28,0,2,Sales Executive,Master,Bangalore,1
27,118397,4,5,3,Sales Executive,Master,Delhi,1
29,79153,22,8,3,HR Manager,Master,Delhi,0
44,63142,12,3,1,Project Manager,PhD,Chennai,0
47,56916,3,1,4,Software Engineer,PhD,Pune,0
33,94324,22,3,4,Sales Executive,Master,Delhi,0
47,74965,2,0,1,Software Engineer,Master,Chennai,0
34,34648,24,2,1,Sales Executive,Bachelor,Mumbai,1
39,65133,34,9,3,Data Analyst,Master,Delhi,1
46,80677,27,8,5,Software Engineer,PhD,Mumbai,1
54,126059,1,9,3,Data Analyst,High School,Mumbai,1
33,124588,8,4,1,Software Engineer,PhD,Pune,1
57,129950,23,5,4,Project Manager,Bachelor,Delhi,1
25,128317,6,2,3,HR Manager,PhD,Mumbai,0
26,100135,22,4,5,Data Analyst,High School,Pune,1
58,65046,25,7,3,Sales Executive,Master,Pune,1
29,77064,18,5,2,Project Manager,High School,Delhi,0
49,131459,17,3,3,Software Engineer,Master,Pune,1
52,136625,12,1,1,Data Analyst,Master,Delhi,1
30,99350,6,8,4,Software Engineer,PhD,Delhi,1
50,75893,26,0,4,Software Engineer,PhD,Bangalore,1
35,131520,27,0,1,Software Engineer,PhD,Mumbai,0
43,91272,8,3,2,HR Manager,Bachelor,Hyderabad,0
32,122152,19,6,1,HR Manager,PhD,Delhi,1
44,97649,1,0,3,Sales Executive,Bachelor,Mumbai,0
22,94674,29,8,1,Data Analyst,PhD,Pune,1
58,149044,14,3,1,Project Manager,Master,Chennai,0
42,138542,20,2,2,Project Manager,Bachelor,Delhi,1
47,43760,13,0,3,Project Manager,High School,Pune,0
57,51927,8,9,5,Software Engineer,Bachelor,Pune,0
44,116475,20,3,5,HR Manager,Bachelor,Pune,1
22,91367,33,8,4,Data Analyst,High School,Pune,1
36,127955,26,9,1,Software Engineer,Bachelor,Pune,1
42,42588,21,5,4,HR Manager,Master,Delhi,0
30,131678,9,5,2,HR Manager,PhD,Hyderabad,1
30,134734,24,0,5,Data Analyst,High School,Bangalore,1
31,148154,17,9,1,Data Analyst,PhD,Pune,1
47,82233,24,1,2,Data Analyst,Master,Pune,0
56,74738,21,5,2,Software Engineer,High School,Bangalore,1
46,63397,13,1,1,Sales Executive,PhD,Delhi,0
47,112189,11,2,2,Data Analyst,PhD,Mumbai,1
32,106367,19,3,1,Sales Executive,Master,Chennai,1
59,101260,11,4,1,Software Engineer,PhD,Chennai,0
23,106619,13,8,3,Sales Executive,Master,Mumbai,1
28,141453,1,3,4,Project Manager,Bachelor,Delhi,1
39,49816,19,8,2,Sales Executive,Master,Chennai,0
48,72240,12,9,2,Data Analyst,Bachelor,Bangalore,1
55,36276,8,2,3,Software Engineer,High School,Mumbai,0
48,143939,8,7,3,Data Analyst,PhD,Hyderabad,0
38,134199,12,0,3,Project Manager,Master,Delhi,0
45,109530,33,8,5,Data Analyst,Master,Mumbai,1
46,53499,26,8,5,Data Analyst,PhD,Chennai,1
28,118576,28,9,5,Data Analyst,PhD,Delhi,1
27,138856,5,1,1,HR Manager,High School,Bangalore,0
45,112495,8,3,2,Project Manager,High School,Delhi,0
54,101635,25,7,4,Data Analyst,Master,Delhi,1
50,137803,27,6,1,Data Analyst,High School,Bangalore,0
43,115112,23,0,2,Data Analyst,Bachelor,Pune,1
47,65946,30,4,2,Software Engineer,High School,Bangalore,1
49,85204,23,6,3,HR Manager,High School,Delhi,1
42,81886,20,3,3,Software Engineer,Master,Bangalore,1
28,101652,18,0,1,HR Manager,Bachelor,Pune,0
38,45563,18,8,3,Data Analyst,High School,Mumbai,1
41,122324,2,4,2,Project Manager,Bachelor,Bangalore,0
41,122464,4,1,3,Sales Executive,Bachelor,Bangalore,0
43,131872,30,7,5,Sales Executive,Bachelor,Delhi,1
49,39847,33,1,3,Data Analyst,PhD,Mumbai,0
28,56155,18,2,2,Software Engineer,PhD,Hyderabad,1
22,109671,19,9,1,Project Manager,PhD,Hyderabad,1
53,146891,28,0,4,HR Manager,PhD,Chennai,0
34,113310,20,1,3,Data Analyst,Master,Bangalore,0
51,97278,33,6,2,Project Manager,High School,Bangalore,1
44,48309,12,9,4,Project Manager,PhD,Mumbai,1
40,30619,15,1,4,HR Manager,Master,Pune,1
53,113194,2,5,5,Project Manager,High School,Hyderabad,0
